{
	"credit": "Made with Blockbench",
	"textures": {
		"0": "custom/hammer"
		
	},
	"elements": [
		{
			"from": [7, 0, 6],
			"to": [10, 1, 9],
			"faces": {
				"north": {"uv": [3, 11, 4, 14], "texture": "#0"},
				"east": {"uv": [3, 11, 4, 14], "texture": "#0"},
				"south": {"uv": [3, 11, 4, 14], "texture": "#0"},
				"west": {"uv": [3, 11, 4, 14], "texture": "#0"},
				"up": {"uv": [3, 11, 4, 14], "texture": "#0"},
				"down": {"uv": [3, 11, 4, 14], "texture": "#0"}
			}
		},
		{
			"from": [9, 1, 6],
			"to": [10, 7, 7],
			"faces": {
				"north": {"uv": [3, 11, 4, 14], "texture": "#0"},
				"east": {"uv": [3, 11, 4, 14], "texture": "#0"},
				"south": {"uv": [3, 11, 4, 14], "texture": "#0"},
				"west": {"uv": [3, 11, 4, 14], "texture": "#0"},
				"up": {"uv": [3, 11, 4, 12], "texture": "#0"},
				"down": {"uv": [3, 11, 4, 12], "texture": "#0"}
			}
		},
		{
			"from": [7, 1, 6],
			"to": [8, 7, 7],
			"faces": {
				"north": {"uv": [3, 11, 4, 14], "texture": "#0"},
				"east": {"uv": [3, 11, 4, 14], "texture": "#0"},
				"south": {"uv": [3, 11, 4, 14], "texture": "#0"},
				"west": {"uv": [3, 11, 4, 14], "texture": "#0"},
				"up": {"uv": [3, 11, 4, 12], "texture": "#0"},
				"down": {"uv": [3, 11, 4, 12], "texture": "#0"}
			}
		},
		{
			"from": [7, 1, 8],
			"to": [8, 7, 9],
			"faces": {
				"north": {"uv": [3, 11, 4, 14], "texture": "#0"},
				"east": {"uv": [3, 11, 4, 14], "texture": "#0"},
				"south": {"uv": [3, 11, 4, 14], "texture": "#0"},
				"west": {"uv": [3, 11, 4, 14], "texture": "#0"},
				"up": {"uv": [3, 11, 4, 12], "texture": "#0"},
				"down": {"uv": [3, 11, 4, 12], "texture": "#0"}
			}
		},
		{
			"from": [9, 1, 8],
			"to": [10, 7, 9],
			"faces": {
				"north": {"uv": [3, 11, 4, 14], "texture": "#0"},
				"east": {"uv": [3, 11, 4, 14], "texture": "#0"},
				"south": {"uv": [3, 11, 4, 14], "texture": "#0"},
				"west": {"uv": [3, 11, 4, 14], "texture": "#0"},
				"up": {"uv": [3, 11, 4, 12], "texture": "#0"},
				"down": {"uv": [3, 11, 4, 12], "texture": "#0"}
			}
		},
		{
			"from": [2, 12, 4],
			"to": [15, 13, 11],
			"faces": {
				"north": {"uv": [10, 4, 11, 7], "texture": "#0"},
				"east": {"uv": [12, 2, 13, 5], "texture": "#0"},
				"south": {"uv": [9, 8, 10, 11], "texture": "#0"},
				"west": {"uv": [12, 2, 13, 5], "texture": "#0"},
				"up": {"uv": [10, 4, 11, 7], "texture": "#0"},
				"down": {"uv": [10, 4, 11, 7], "texture": "#0"}
			}
		},
		{
			"from": [2, 7, 4],
			"to": [15, 8, 11],
			"faces": {
				"north": {"uv": [10, 4, 11, 7], "texture": "#0"},
				"east": {"uv": [12, 2, 13, 5], "texture": "#0"},
				"south": {"uv": [9, 8, 10, 11], "texture": "#0"},
				"west": {"uv": [12, 2, 13, 5], "texture": "#0"},
				"up": {"uv": [11, 3, 12, 6], "texture": "#0"},
				"down": {"uv": [11, 3, 12, 6], "texture": "#0"}
			}
		},
		{
			"from": [2, 8, 10],
			"to": [3, 12, 11],
			"faces": {
				"north": {"uv": [10, 4, 11, 7], "texture": "#0"},
				"east": {"uv": [12, 2, 13, 5], "texture": "#0"},
				"south": {"uv": [9, 8, 10, 11], "texture": "#0"},
				"west": {"uv": [12, 2, 13, 5], "texture": "#0"},
				"up": {"uv": [10, 4, 11, 5], "texture": "#0"},
				"down": {"uv": [0, 0, 1, 1], "texture": "#0"}
			}
		},
		{
			"from": [2, 8, 4],
			"to": [3, 12, 5],
			"faces": {
				"north": {"uv": [10, 4, 11, 7], "texture": "#0"},
				"east": {"uv": [12, 2, 13, 5], "texture": "#0"},
				"south": {"uv": [9, 8, 10, 11], "texture": "#0"},
				"west": {"uv": [12, 2, 13, 5], "texture": "#0"},
				"up": {"uv": [10, 4, 11, 5], "texture": "#0"},
				"down": {"uv": [0, 0, 1, 1], "texture": "#0"}
			}
		},
		{
			"from": [14, 8, 10],
			"to": [15, 12, 11],
			"faces": {
				"north": {"uv": [10, 4, 11, 7], "texture": "#0"},
				"east": {"uv": [12, 2, 13, 5], "texture": "#0"},
				"south": {"uv": [9, 8, 10, 11], "texture": "#0"},
				"west": {"uv": [12, 2, 13, 5], "texture": "#0"},
				"up": {"uv": [10, 4, 11, 5], "texture": "#0"},
				"down": {"uv": [0, 0, 1, 1], "texture": "#0"}
			}
		},
		{
			"from": [14, 8, 4],
			"to": [15, 12, 5],
			"faces": {
				"north": {"uv": [10, 4, 11, 7], "texture": "#0"},
				"east": {"uv": [12, 2, 13, 5], "texture": "#0"},
				"south": {"uv": [9, 8, 10, 11], "texture": "#0"},
				"west": {"uv": [12, 2, 13, 5], "texture": "#0"},
				"up": {"uv": [10, 4, 11, 5], "texture": "#0"},
				"down": {"uv": [0, 0, 1, 1], "texture": "#0"}
			}
		},
		{
			"from": [2, 8, 5],
			"to": [2, 12, 10],
			"faces": {
				"north": {"uv": [0, 0, 0, 3], "texture": "#0"},
				"east": {"uv": [10, 4, 11, 7], "texture": "#0"},
				"south": {"uv": [9, 8, 9, 11], "texture": "#0"},
				"west": {"uv": [10, 4, 11, 7], "texture": "#0"},
				"up": {"uv": [0, 0, 0, 3], "texture": "#0"},
				"down": {"uv": [0, 0, 0, 3], "texture": "#0"}
			}
		},
		{
			"from": [15, 8, 5],
			"to": [15, 12, 10],
			"faces": {
				"north": {"uv": [0, 0, 0, 3], "texture": "#0"},
				"east": {"uv": [10, 4, 11, 7], "texture": "#0"},
				"south": {"uv": [9, 8, 9, 11], "texture": "#0"},
				"west": {"uv": [10, 4, 11, 7], "texture": "#0"},
				"up": {"uv": [0, 0, 0, 3], "texture": "#0"},
				"down": {"uv": [0, 0, 0, 3], "texture": "#0"}
			}
		},
		{
			"from": [4, 8, 6],
			"to": [13, 11, 9],
			"faces": {
				"north": {"uv": [0, 0, 4, 4], "texture": "#0"},
				"east": {"uv": [0, 0, 4, 4], "texture": "#0"},
				"south": {"uv": [0, 0, 4, 4], "texture": "#0"},
				"west": {"uv": [0, 0, 4, 4], "texture": "#0"},
				"up": {"uv": [0, 0, 4, 4], "texture": "#0"},
				"down": {"uv": [0, 0, 4, 4], "texture": "#0"}
			}
		},
		{
			"from": [8, 1, 7],
			"to": [9, 7, 8],
			"faces": {
				"north": {"uv": [0, 0, 4, 4], "texture": "#0"},
				"east": {"uv": [0, 0, 4, 4], "texture": "#0"},
				"south": {"uv": [0, 0, 4, 4], "texture": "#0"},
				"west": {"uv": [0, 0, 4, 4], "texture": "#0"},
				"up": {"uv": [0, 0, 4, 4], "texture": "#0"},
				"down": {"uv": [0, 0, 4, 4], "texture": "#0"}
			}
		}
	],
	"display": {
		"thirdperson_righthand": {
			"rotation": [0, 90, 0],
			"translation": [0.25, 6, 2.75]
		},
		"thirdperson_lefthand": {
			"rotation": [0, 90, 0],
			"translation": [0.25, 6, 2.75]
		},
		"firstperson_righthand": {
			"rotation": [-32, 109, 0],
			"translation": [0, 7.5, 0]
		},
		"firstperson_lefthand": {
			"rotation": [-32, 109, 0],
			"translation": [0, 7.5, 0]
		},
		"ground": {
			"translation": [0, 2.25, 0]
		},
		"gui": {
			"rotation": [0, 0, -45],
			"scale": [1.01, 1.17, 1]
		},
		"head": {
			"translation": [-0.5, 0.75, -4.25],
			"scale": [1.05, 0.88, 1]
		},
		"fixed": {
			"rotation": [0, 0, 45],
			"translation": [0, 0, -5.25]
		}
	}
}