{
	"credit": "Made with Blockbench",
	"textures": {
		"0": "custom/obsidian_sword"
		
	},
	"elements": [
		{
			"from": [5, 4, 7],
			"to": [6, 6, 8],
			"faces": {
				"north": {"uv": [1, 1, 2, 3], "texture": "#0"},
				"east": {"uv": [0, 1, 1, 3], "texture": "#0"},
				"south": {"uv": [4, 0, 5, 2], "texture": "#0"},
				"west": {"uv": [2, 1, 3, 3], "texture": "#0"},
				"up": {"uv": [2, 1, 1, 0], "texture": "#0"},
				"down": {"uv": [3, 0, 2, 1], "texture": "#0"}
			}
		},
		{
			"from": [8, 0, 7],
			"to": [9, 6, 8],
			"faces": {
				"north": {"uv": [2, 6, 3, 12], "texture": "#0"},
				"east": {"uv": [5, 6, 6, 12], "texture": "#0"},
				"south": {"uv": [4, 6, 5, 12], "texture": "#0"},
				"west": {"uv": [3, 6, 4, 12], "texture": "#0"},
				"up": {"uv": [2, 1, 1, 0], "texture": "#0"},
				"down": {"uv": [3, 0, 2, 1], "texture": "#0"}
			}
		},
		{
			"from": [7, 0, 7],
			"to": [8, 1, 8],
			"faces": {
				"north": {"uv": [2, 9, 3, 10], "texture": "#0"},
				"east": {"uv": [7, 8, 8, 9], "texture": "#0"},
				"south": {"uv": [1, 9, 2, 10], "texture": "#0"},
				"west": {"uv": [0, 9, 1, 10], "texture": "#0"},
				"up": {"uv": [7, 9, 6, 8], "texture": "#0"},
				"down": {"uv": [7, 8, 6, 9], "texture": "#0"}
			}
		},
		{
			"from": [3, 6, 7],
			"to": [11, 7, 8],
			"faces": {
				"north": {"uv": [0, 1, 8, 2], "texture": "#0"},
				"east": {"uv": [0, 2, 1, 3], "texture": "#0"},
				"south": {"uv": [0, 0, 8, 1], "texture": "#0"},
				"west": {"uv": [7, 2, 8, 3], "texture": "#0"},
				"up": {"uv": [8, 4, 0, 3], "texture": "#0"},
				"down": {"uv": [8, 4, 0, 5], "texture": "#0"}
			}
		},
		{
			"from": [5, 6, 8],
			"to": [9, 6.9, 8.1],
			"faces": {
				"north": {"uv": [1, 1, 5, 1], "texture": "#0"},
				"east": {"uv": [0, 0, 0, 0], "texture": "#0"},
				"south": {"uv": [4, 0, 8, 0], "texture": "#0"},
				"west": {"uv": [4, 0, 4, 0], "texture": "#0"},
				"up": {"uv": [4, 0, 0, 0], "texture": "#0"},
				"down": {"uv": [8, 0, 4, 0], "texture": "#0"}
			}
		},
		{
			"from": [5, 6, 6.9],
			"to": [9, 6.9, 7],
			"faces": {
				"north": {"uv": [1, 0, 5, 1], "texture": "#0"},
				"east": {"uv": [0, 0, 1, 1], "texture": "#0"},
				"south": {"uv": [4, 0, 8, 1], "texture": "#0"},
				"west": {"uv": [4, 0, 5, 1], "texture": "#0"},
				"up": {"uv": [4, 0, 0, 1], "texture": "#0"},
				"down": {"uv": [8, 0, 4, 1], "texture": "#0"}
			}
		},
		{
			"from": [4.9, 6, 6.9],
			"to": [5, 6.8, 7],
			"faces": {
				"north": {"uv": [1, 1, 1, 1], "texture": "#0"},
				"east": {"uv": [0, 0, 0, 0], "texture": "#0"},
				"south": {"uv": [4, 0, 4, 0], "texture": "#0"},
				"west": {"uv": [0, 0, 0, 0], "texture": "#0"},
				"up": {"uv": [0, 0, 0, 0], "texture": "#0"},
				"down": {"uv": [0, 0, 0, 0], "texture": "#0"}
			}
		},
		{
			"from": [4.9, 6, 6.9],
			"to": [5, 6.9, 7],
			"faces": {
				"north": {"uv": [1, 1, 1, 1], "texture": "#0"},
				"east": {"uv": [0, 0, 0, 0], "texture": "#0"},
				"south": {"uv": [4, 0, 4, 0], "texture": "#0"},
				"west": {"uv": [0, 0, 0, 0], "texture": "#0"},
				"up": {"uv": [0, 0, 0, 0], "texture": "#0"},
				"down": {"uv": [0, 0, 0, 0], "texture": "#0"}
			}
		},
		{
			"from": [4.9, 6, 8],
			"to": [5, 6.8, 8.1],
			"faces": {
				"north": {"uv": [1, 1, 1, 1], "texture": "#0"},
				"east": {"uv": [0, 0, 0, 0], "texture": "#0"},
				"south": {"uv": [4, 0, 4, 0], "texture": "#0"},
				"west": {"uv": [0, 0, 0, 0], "texture": "#0"},
				"up": {"uv": [0, 0, 0, 0], "texture": "#0"},
				"down": {"uv": [0, 0, 0, 0], "texture": "#0"}
			}
		},
		{
			"from": [9, 6, 8],
			"to": [9.1, 6.8, 8.1],
			"faces": {
				"north": {"uv": [1, 1, 1, 1], "texture": "#0"},
				"east": {"uv": [0, 0, 0, 0], "texture": "#0"},
				"south": {"uv": [4, 0, 4, 0], "texture": "#0"},
				"west": {"uv": [0, 0, 0, 0], "texture": "#0"},
				"up": {"uv": [0, 0, 0, 0], "texture": "#0"},
				"down": {"uv": [0, 0, 0, 0], "texture": "#0"}
			}
		},
		{
			"from": [9, 6, 6.9],
			"to": [9.1, 6.8, 7],
			"faces": {
				"north": {"uv": [1, 1, 1, 1], "texture": "#0"},
				"east": {"uv": [0, 0, 0, 0], "texture": "#0"},
				"south": {"uv": [4, 0, 4, 0], "texture": "#0"},
				"west": {"uv": [0, 0, 0, 0], "texture": "#0"},
				"up": {"uv": [0, 0, 0, 0], "texture": "#0"},
				"down": {"uv": [0, 0, 0, 0], "texture": "#0"}
			}
		},
		{
			"from": [6, 2, 6.5],
			"to": [9, 3, 8.5],
			"rotation": {"angle": 45, "axis": "z", "origin": [0, 0, 0]},
			"faces": {
				"north": {"uv": [1, 1, 4, 2], "texture": "#0"},
				"east": {"uv": [0, 2, 2, 3], "texture": "#0"},
				"south": {"uv": [4, 0, 7, 1], "texture": "#0"},
				"west": {"uv": [5, 2, 7, 3], "texture": "#0"},
				"up": {"uv": [5, 2, 2, 0], "texture": "#0"},
				"down": {"uv": [8, 0, 5, 2], "texture": "#0"}
			}
		},
		{
			"from": [9.52082, 5.57107, 6.5],
			"to": [12.52082, 6.57107, 8.5],
			"rotation": {"angle": -45, "axis": "z", "origin": [12.02082, 7.07107, 7.5]},
			"faces": {
				"north": {"uv": [1, 1, 4, 2], "texture": "#0"},
				"east": {"uv": [0, 2, 2, 3], "texture": "#0"},
				"south": {"uv": [4, 0, 7, 1], "texture": "#0"},
				"west": {"uv": [5, 2, 7, 3], "texture": "#0"},
				"up": {"uv": [5, 2, 2, 0], "texture": "#0"},
				"down": {"uv": [8, 0, 5, 2], "texture": "#0"}
			}
		},
		{
			"from": [5.2, 2, 6.9],
			"to": [6.2, 3, 8.1],
			"rotation": {"angle": 45, "axis": "z", "origin": [5.5, 3.5, 7.5]},
			"faces": {
				"north": {"uv": [1, 1, 2, 2], "texture": "#0"},
				"east": {"uv": [0, 1, 1, 2], "texture": "#0"},
				"south": {"uv": [4, 0, 5, 1], "texture": "#0"},
				"west": {"uv": [2, 1, 3, 2], "texture": "#0"},
				"up": {"uv": [2, 1, 1, 0], "texture": "#0"},
				"down": {"uv": [3, 0, 2, 1], "texture": "#0"}
			}
		},
		{
			"from": [5.7, 3, 6.9],
			"to": [6.2, 4, 8.1],
			"rotation": {"angle": 45, "axis": "z", "origin": [5.5, 3.5, 7.5]},
			"faces": {
				"north": {"uv": [1, 1, 1, 2], "texture": "#0"},
				"east": {"uv": [0, 1, 1, 2], "texture": "#0"},
				"south": {"uv": [4, 0, 4, 1], "texture": "#0"},
				"west": {"uv": [1, 1, 2, 2], "texture": "#0"},
				"up": {"uv": [1, 1, 1, 0], "texture": "#0"},
				"down": {"uv": [1, 0, 1, 1], "texture": "#0"}
			}
		},
		{
			"from": [5.5, 4, 6.9],
			"to": [6, 5, 8.1],
			"rotation": {"angle": 45, "axis": "z", "origin": [5.5, 3.5, 7.5]},
			"faces": {
				"north": {"uv": [0, 0, 1, 1], "texture": "#0"},
				"east": {"uv": [0, 1, 1, 2], "texture": "#0"},
				"south": {"uv": [4, 0, 5, 1], "texture": "#0"},
				"west": {"uv": [0, 0, 1, 1], "texture": "#0"},
				"up": {"uv": [0, 1, 1, 0], "texture": "#0"},
				"down": {"uv": [1, 0, 2, 1], "texture": "#0"}
			}
		},
		{
			"from": [5.4, 4, 7.2],
			"to": [5.6, 4.7, 7.8],
			"rotation": {"angle": 45, "axis": "z", "origin": [5.5, 3.5, 7.5]},
			"faces": {
				"north": {"uv": [1, 1, 1, 1], "texture": "#0"},
				"east": {"uv": [0, 0, 0, 0], "texture": "#0"},
				"south": {"uv": [4, 0, 4, 0], "texture": "#0"},
				"west": {"uv": [0, 0, 0, 0], "texture": "#0"},
				"up": {"uv": [0, 0, 0, 0], "texture": "#0"},
				"down": {"uv": [0, 0, 0, 0], "texture": "#0"}
			}
		},
		{
			"from": [5.3, 4, 7.3],
			"to": [5.4, 4.6, 7.7],
			"rotation": {"angle": 45, "axis": "z", "origin": [5.5, 3.5, 7.5]},
			"faces": {
				"north": {"uv": [1, 1, 1, 1], "texture": "#0"},
				"east": {"uv": [3, 3, 3, 3], "texture": "#0"},
				"south": {"uv": [4, 0, 4, 0], "texture": "#0"},
				"west": {"uv": [2, 5, 2, 5], "texture": "#0"},
				"up": {"uv": [0, 4, 0, 4], "texture": "#0"},
				"down": {"uv": [5, 2, 5, 2], "texture": "#0"}
			}
		},
		{
			"from": [5.3, 4, 7.3],
			"to": [5.4, 4.6, 7.7],
			"rotation": {"angle": 45, "axis": "z", "origin": [5.5, 3.5, 7.5]},
			"faces": {
				"north": {"uv": [1, 1, 1, 1], "texture": "#0"},
				"east": {"uv": [0, 0, 0, 0], "texture": "#0"},
				"south": {"uv": [4, 0, 4, 0], "texture": "#0"},
				"west": {"uv": [0, 0, 0, 0], "texture": "#0"},
				"up": {"uv": [0, 0, 0, 0], "texture": "#0"},
				"down": {"uv": [0, 0, 0, 0], "texture": "#0"}
			}
		},
		{
			"from": [6, 0, 7],
			"to": [7, 3, 8],
			"faces": {
				"north": {"uv": [0, 8, 1, 11], "texture": "#0"},
				"east": {"uv": [3, 8, 4, 11], "texture": "#0"},
				"south": {"uv": [1, 8, 2, 11], "texture": "#0"},
				"west": {"uv": [2, 8, 3, 11], "texture": "#0"},
				"up": {"uv": [5, 9, 4, 8], "texture": "#0"},
				"down": {"uv": [6, 8, 5, 9], "texture": "#0"}
			}
		},
		{
			"from": [6, 7, 7],
			"to": [8, 18, 8],
			"faces": {
				"north": {"uv": [10, 0, 13, 8], "texture": "#0"},
				"east": {"uv": [10, 0, 11, 8], "texture": "#0"},
				"south": {"uv": [12, 0, 14, 8], "texture": "#0"},
				"west": {"uv": [11, 0, 12, 8], "texture": "#0"},
				"up": {"uv": [12, 2, 10, 1], "texture": "#0"},
				"down": {"uv": [12, 2, 10, 3], "texture": "#0"}
			}
		},
		{
			"from": [5.7, 7, 7],
			"to": [6, 17, 8],
			"faces": {
				"north": {"uv": [3, 0, 4, 8], "texture": "#0"},
				"east": {"uv": [3, 0, 4, 8], "texture": "#0"},
				"south": {"uv": [0, 0, 1, 8], "texture": "#0"},
				"west": {"uv": [0, 0, 1, 8], "texture": "#0"},
				"up": {"uv": [0, 1, 2, 0], "texture": "#0"},
				"down": {"uv": [0, 0, 2, 1], "texture": "#0"}
			}
		},
		{
			"from": [8, 7, 7],
			"to": [8.3, 17, 8],
			"faces": {
				"north": {"uv": [0, 0, 1, 8], "texture": "#0"},
				"east": {"uv": [3, 0, 4, 8], "texture": "#0"},
				"south": {"uv": [0, 0, 1, 8], "texture": "#0"},
				"west": {"uv": [0, 0, 1, 8], "texture": "#0"},
				"up": {"uv": [0, 1, 2, 0], "texture": "#0"},
				"down": {"uv": [0, 0, 2, 1], "texture": "#0"}
			}
		},
		{
			"from": [6.1, 18, 7.1],
			"to": [7.9, 18.1, 7.9],
			"faces": {
				"north": {"uv": [9, 3, 10, 4], "texture": "#0"},
				"east": {"uv": [9, 2, 11, 3], "texture": "#0"},
				"south": {"uv": [10, 3, 11, 4], "texture": "#0"},
				"west": {"uv": [9, 2, 10, 3], "texture": "#0"},
				"up": {"uv": [10, 0, 9, 1], "texture": "#0"},
				"down": {"uv": [12, 3, 11, 4], "texture": "#0"}
			}
		}
	],
	"display": {
		"thirdperson_righthand": {
			"rotation": [0, -90, 0],
			"translation": [0, 3.25, 0.5]
		},
		"thirdperson_lefthand": {
			"rotation": [0, 90, 0],
			"translation": [0, 3.5, 0.5]
		},
		"firstperson_righthand": {
			"rotation": [0, 90, 0],
			"translation": [1, 8.25, 2.5]
		},
		"firstperson_lefthand": {
			"rotation": [0, -90, 0],
			"translation": [1, 8.25, 2.5]
		},
		"ground": {
			"translation": [0, 5, 0]
		},
		"gui": {
			"rotation": [0, 0, -45]
		},
		"head": {
			"translation": [0, 8, -5.25]
		},
		"fixed": {
			"translation": [0, 1.5, -7.25]
		}
	},
	"groups": [
		{
			"name": "obsidian_Sword",
			"origin": [8, 8, 8],
			"color": 0,
			"children": [0, 1, 2, 3, 4, 5, 6, 7, 8, 9, 10, 11, 12, 13, 14, 15, 16, 17, 18, 19, 20, 21, 22, 23]
		}
	]
}