{"stats":{"minecraft:used":{"minecraft:iron_block":2,"minecraft:chest":2,"minecraft:item_frame":11,"minecraft:diamond_sword":61,"minecraft:crafting_table":13,"minecraft:acacia_planks":71},"minecraft:crafted":{"minecraft:knowledge_book":75},"minecraft:picked_up":{"minecraft:crafting_table":2,"minecraft:leather":19,"minecraft:diamond_sword":1,"minecraft:potato":1,"minecraft:gunpowder":27,"minecraft:spider_eye":19,"minecraft:string":26,"minecraft:item_frame":1,"minecraft:acacia_planks":3,"minecraft:bone":27,"minecraft:arrow":20,"minecraft:rotten_flesh":5,"minecraft:beef":24,"minecraft:iron_block":1,"minecraft:gray_wool":2,"minecraft:chest":3,"minecraft:mutton":55,"minecraft:white_wool":6},"minecraft:dropped":{"minecraft:iron_block":63,"minecraft:diamond_sword":2,"minecraft:gray_wool":1,"minecraft:mutton":24,"minecraft:crafting_table":64,"minecraft:chest":1,"minecraft:leather":10,"minecraft:beef":4,"minecraft:white_wool":3,"minecraft:carrot_on_a_stick":7,"minecraft:item_frame":1,"minecraft:stick":64},"minecraft:killed":{"minecraft:sheep":13,"minecraft:horse":2,"minecraft:skeleton":7,"minecraft:husk":6,"minecraft:spider":4,"minecraft:creeper":6,"minecraft:cow":8,"minecraft:polar_bear":1},"minecraft:custom":{"minecraft:time_since_rest":75,"minecraft:sprint_one_cm":29749,"minecraft:damage_taken":240,"minecraft:walk_one_cm":45495,"minecraft:mob_kills":48,"minecraft:drop":181,"minecraft:damage_dealt":7531,"minecraft:interact_with_crafting_table":16,"minecraft:fly_one_cm":456966,"minecraft:open_chest":1,"minecraft:crouch_one_cm":1035,"minecraft:play_one_minute":24399,"minecraft:deaths":8,"minecraft:sneak_time":1217,"minecraft:walk_under_water_one_cm":7743,"minecraft:jump":332,"minecraft:leave_game":5,"minecraft:walk_on_water_one_cm":1067,"minecraft:time_since_death":48,"minecraft:horse_one_cm":212}},"DataVersion":1976}